<elements>
  <namespace ns="">
    <summary>To be added.</summary>
    <remarks>To be added.</remarks>
  </namespace>
  <namespace ns="Couchbase.Lite.Auth">
    <summary>To be added.</summary>
    <remarks>To be added.</remarks>
  </namespace>
  <namespace ns="Couchbase.Lite.Replicator">
    <summary>To be added.</summary>
    <remarks>To be added.</remarks>
  </namespace>
  <namespace ns="Couchbase.Lite.Storage">
    <summary>To be added.</summary>
    <remarks>To be added.</remarks>
  </namespace>
  <namespace ns="Couchbase.Lite.Support">
    <summary>To be added.</summary>
    <remarks>To be added.</remarks>
  </namespace>
  <namespace ns="Couchbase.Lite.Util">
    <summary>To be added.</summary>
    <remarks>To be added.</remarks>
  </namespace>
  <namespace ns="Couchbase.Lite.iOS">
    <summary>To be added.</summary>
    <remarks>To be added.</remarks>
  </namespace>
  <namespace ns="Couchbase.Lite">
    <summary>To be added.</summary>
    <remarks>To be added.</remarks>
  </namespace>
</elements>